<?xml version="1.0" encoding="UTF-8"?>
<project-private xmlns="http://www.netbeans.org/ns/project-private/1">
    <editor-bookmarks xmlns="http://www.netbeans.org/ns/editor-bookmarks/2" lastBookmarkId="0"/>
    <open-files xmlns="http://www.netbeans.org/ns/projectui-open-files/2">
        <group>
            <file>file:/Users/apple/Desktop/MicroprocessorsLab/README.md</file>
            <file>file:/Users/apple/Desktop/MicroprocessorsLab/Makefile</file>
            <file>file:/Users/apple/Desktop/MicroprocessorsLab/UART.s</file>
            <file>file:/Users/apple/Desktop/MicroprocessorsLab/main.s</file>
            <file>file:/Users/apple/Desktop/MicroprocessorsLab/output.map</file>
            <file>file:/Users/apple/Desktop/MicroprocessorsLab/config.s</file>
        </group>
    </open-files>
</project-private>
